,Et,Pt,lt,Wt
1-1,0,0,0,0
2-1,0.13045380179386967,43.727938557547084,2.1146571949050763,43.710593806803367
3-1,0.12602744714211411,11.067548839532609,0.082433160695181723,9.1089245408112234
4-1,0.11582198064498628,2.9285663789600775,0.0051633951329020586,4.486371242678624
5-1,0.10576097476351121,0.62252682070145071,0.0010478540962301842,2.5318944641116312
6-1,0.10061405649927418,0.14386122172266258,0.00084586733857427683,1.3634843889431476
7-1,0.090209906942134127,0.038724473320492558,0.0008940827551800341,0.84623260906334552
8-1,0.085925337660231582,0.01187390126510385,0.00083672763314080367,0.54022639856009125
9-1,0.08391886156124892,0.0042115944942674732,0.00081552848311742978,0.34926577817063859
10-1,0.078981561142698123,0.0019884091811352218,0.0008361299488710075,0.24135012232707415
11-1,0.074964938530538566,0.0013299491189330084,0.00082272221614804783,0.17576424820764636
12-1,0.071831225782826025,0.0010924784238464478,0.00081203151909420225,0.13348475705435803
13-1,0.070200732117813414,0.00099131173110096702,0.0007960402968630949,0.10375256445030596
14-1,0.068962317680762886,0.00093374548849091063,0.00079037541845747555,0.082152996584189383
15-1,0.067483953279439457,0.00090665094040503547,0.00078850983144751756,0.06640043066714775
16-1,0.066393301738492436,0.00089512776502684484,0.00078166230844345993,0.054552428650839611
17-1,0.065868850634005022,0.00088308187040833262,0.00077528486404001575,0.045284450697915674
18-1,0.065174021530021373,0.00087197711274621028,0.00077495307346589493,0.038021774804542566
19-1,0.064715555030751562,0.00086737359293348568,0.00077099740224912869,0.032192813666573956
20-1,0.064557454773354978,0.00086073826255339265,0.00076787961902649127,0.027417839499401152
21-1,0.064236080317053523,0.00085478794952427559,0.0007682887342840769,0.023517366228389843
22-1,0.063892435470707137,0.00085340368779890721,0.00076696364121682742,0.020323754455706892
23-1,0.063646602616974052,0.0008517917458914446,0.00076512730068607694,0.017700068259525605
24-1,0.063366571508107955,0.00084958299093836455,0.00076448613402695217,0.015540624646624243
25-1,0.063132071956079908,0.00084838962937401814,0.00076320752975858066,0.013746364578069853
26-1,0.063020951700423405,0.0008463243919443527,0.00076179347330309472,0.01223644078994272
27-1,0.06284569197066836,0.00084387137264962096,0.00076197080852281386,0.010963325302674321
28-1,0.062692819321804538,0.0008432219189086085,0.00076131600027897698,0.0098812663650086254
29-1,0.062584738374827101,0.00084196100768043854,0.00076076465970294292,0.0089619927486756963
30-1,0.062485814310209109,0.0008404830244860376,0.00076059676171159418,0.0081757347460268866
31-1,0.062384847236912642,0.00083944776572736444,0.00076051192652052259,0.0075015690315601439
32-1,0.062273324979759251,0.00083876414036884608,0.00076046614126795936,0.006925403117216759
33-1,0.062139948963237018,0.00083840377695314184,0.00076045237944998554,0.0064359300987896599
34-1,0.062036901271514851,0.0008380522651013141,0.00076008216245456871,0.0060194588187670794
35-1,0.061936666658608724,0.00083704738566531224,0.00076006920027559422,0.0056643797715611966
36-1,0.061837544787860931,0.00083625081217745818,0.00076010528991423668,0.0053578123638145254
37-1,0.061746218285252716,0.0008354541848182047,0.0007601541489865183,0.0050921977762091722
38-1,0.061641422378439475,0.00083470580332841099,0.00076037137114788958,0.0048620165211577179
39-1,0.061548032758385586,0.00083418788998605286,0.000760376073820377,0.0046623199255285295
40-1,0.061435165261793941,0.00083351283174582858,0.00076060320705004323,0.0044914859916814695
41-1,0.061332195301671721,0.00083315813498584766,0.0007605577028512514,0.0043448474921142051
42-1,0.061248669263287099,0.00083224413977214741,0.0007605293928434685,0.0042195048095151023
43-1,0.061171058334997433,0.00083108386824110926,0.00076067098824349026,0.0041097266063011883
44-1,0.061084319026880364,0.00083019839301343439,0.00076090940659933519,0.0040126901163226461
45-1,0.060990855817921019,0.00082972060832508274,0.00076105599393955464,0.0039279467616484967
46-1,0.06090302278159275,0.00082926956734613523,0.00076106787260827148,0.0038557261634966748
47-1,0.060828782627040091,0.00082852729033943665,0.00076104393382985241,0.0037944244646709127
48-1,0.060781575035374083,0.0008273983542491242,0.00076100808453377872,0.0037403739223782198
49-1,0.060714502978144361,0.00082624682907187093,0.00076134099137126904,0.0036917155979299746
50-1,0.060655958533709517,0.00082590597732369218,0.0007613666759191095,0.0036470327051945713
51-1,0.060595079041409865,0.00082535781451994073,0.00076144107453161186,0.0036094291940604317
52-1,0.060565997609760128,0.00082481338040466391,0.00076124911062935667,0.0035766317072506901